s_no,name,country_origin,flag,flag_basis,category_segment,hall,stand,source_url
5,42 LL,Russia,FOREIGN,"Country field in the official convergenceindia.org 'List of Participants' directory (structured per-exhibitor filter data — a 'Country' facet built into the site's own exhibitor search/filter UI, not free text or name-guessed) lists this exhibitor's country as ""Russia"".",IT & Communications,Hall 3,B3-50,https://www.convergenceindia.org/exhibitors-and-participants-convergence-india.aspx
10,AAEON Technology Inc.,Taiwan,FOREIGN,"Country field in the official convergenceindia.org 'List of Participants' directory (structured per-exhibitor filter data — a 'Country' facet built into the site's own exhibitor search/filter UI, not free text or name-guessed) lists this exhibitor's country as ""Taiwan"".",IT & Communications,Hall 5,A5-150,https://www.convergenceindia.org/exhibitors-and-participants-convergence-india.aspx
14,Acepower,United States,FOREIGN,"Country field in the official convergenceindia.org 'List of Participants' directory (structured per-exhibitor filter data — a 'Country' facet built into the site's own exhibitor search/filter UI, not free text or name-guessed) lists this exhibitor's country as ""United States"".",IT & Communications,Hall 5,E5-85,https://www.convergenceindia.org/exhibitors-and-participants-convergence-india.aspx
15,Acrel,China,FOREIGN,"Country field in the official convergenceindia.org 'List of Participants' directory (structured per-exhibitor filter data — a 'Country' facet built into the site's own exhibitor search/filter UI, not free text or name-guessed) lists this exhibitor's country as ""China"".",Internet of Things,Hall 3,A3-30,https://www.convergenceindia.org/exhibitors-and-participants-convergence-india.aspx
17,ADLINK Technology Inc.,Taiwan,FOREIGN,"Country field in the official convergenceindia.org 'List of Participants' directory (structured per-exhibitor filter data — a 'Country' facet built into the site's own exhibitor search/filter UI, not free text or name-guessed) lists this exhibitor's country as ""Taiwan"".",IT & Communications,Hall 5,A5-150,https://www.convergenceindia.org/exhibitors-and-participants-convergence-india.aspx
25,Aetina Corporation,Taiwan,FOREIGN,"Country field in the official convergenceindia.org 'List of Participants' directory (structured per-exhibitor filter data — a 'Country' facet built into the site's own exhibitor search/filter UI, not free text or name-guessed) lists this exhibitor's country as ""Taiwan"".",IT & Communications,Hall 5,A5-150,https://www.convergenceindia.org/exhibitors-and-participants-convergence-india.aspx
31,Airoha Technology Corp.,Taiwan,FOREIGN,"Country field in the official convergenceindia.org 'List of Participants' directory (structured per-exhibitor filter data — a 'Country' facet built into the site's own exhibitor search/filter UI, not free text or name-guessed) lists this exhibitor's country as ""Taiwan"".",IT & Communications,Hall 5,D5-122,https://www.convergenceindia.org/exhibitors-and-participants-convergence-india.aspx
35,Akubela,China,FOREIGN,"Country field in the official convergenceindia.org 'List of Participants' directory (structured per-exhibitor filter data — a 'Country' facet built into the site's own exhibitor search/filter UI, not free text or name-guessed) lists this exhibitor's country as ""China"".",IT & Communications,Hall 5,D5-84,https://www.convergenceindia.org/exhibitors-and-participants-convergence-india.aspx
36,Akuvox Networks Pvt Ltd,China,FOREIGN,"Country field in the official convergenceindia.org 'List of Participants' directory (structured per-exhibitor filter data — a 'Country' facet built into the site's own exhibitor search/filter UI, not free text or name-guessed) lists this exhibitor's country as ""China"".",IT & Communications,Hall 5,D5-84,https://www.convergenceindia.org/exhibitors-and-participants-convergence-india.aspx
37,Alaric Securities,Bulgaria,FOREIGN,"Country field in the official convergenceindia.org 'List of Participants' directory (structured per-exhibitor filter data — a 'Country' facet built into the site's own exhibitor search/filter UI, not free text or name-guessed) lists this exhibitor's country as ""Bulgaria"".",FinTech,Hall 2,A2-08,https://www.convergenceindia.org/exhibitors-and-participants-convergence-india.aspx
48,ALTA LABS,United States,FOREIGN,"Country field in the official convergenceindia.org 'List of Participants' directory (structured per-exhibitor filter data — a 'Country' facet built into the site's own exhibitor search/filter UI, not free text or name-guessed) lists this exhibitor's country as ""United States"".",IT & Communications,Hall 5,B5-135,https://www.convergenceindia.org/exhibitors-and-participants-convergence-india.aspx
52,ANHUI MADO,China,FOREIGN,"Country field in the official convergenceindia.org 'List of Participants' directory (structured per-exhibitor filter data — a 'Country' facet built into the site's own exhibitor search/filter UI, not free text or name-guessed) lists this exhibitor's country as ""China"".",IoT & Embedded Tech,Hall 5,E5-91,https://www.convergenceindia.org/exhibitors-and-participants-convergence-india.aspx
53,Anhui Mudong Communication,China,FOREIGN,"Country field in the official convergenceindia.org 'List of Participants' directory (structured per-exhibitor filter data — a 'Country' facet built into the site's own exhibitor search/filter UI, not free text or name-guessed) lists this exhibitor's country as ""China"".",IoT & Embedded Tech,Hall 5,E5-91,https://www.convergenceindia.org/exhibitors-and-participants-convergence-india.aspx
55,Anpo Moscow Export Centre,Russia,FOREIGN,"Country field in the official convergenceindia.org 'List of Participants' directory (structured per-exhibitor filter data — a 'Country' facet built into the site's own exhibitor search/filter UI, not free text or name-guessed) lists this exhibitor's country as ""Russia"".",Country Pavilion,Hall 3,B3-50,https://www.convergenceindia.org/exhibitors-and-participants-convergence-india.aspx
62,APLEX Technology Inc.,Taiwan,FOREIGN,"Country field in the official convergenceindia.org 'List of Participants' directory (structured per-exhibitor filter data — a 'Country' facet built into the site's own exhibitor search/filter UI, not free text or name-guessed) lists this exhibitor's country as ""Taiwan"".",IT & Communications,Hall 5,A5-150,https://www.convergenceindia.org/exhibitors-and-participants-convergence-india.aspx
63,Appear,Singapore,FOREIGN,"Country field in the official convergenceindia.org 'List of Participants' directory (structured per-exhibitor filter data — a 'Country' facet built into the site's own exhibitor search/filter UI, not free text or name-guessed) lists this exhibitor's country as ""Singapore"".",Broadcast & Satcom,,,https://www.convergenceindia.org/exhibitors-and-participants-convergence-india.aspx
64,Appear,Singapore,FOREIGN,"Country field in the official convergenceindia.org 'List of Participants' directory (structured per-exhibitor filter data — a 'Country' facet built into the site's own exhibitor search/filter UI, not free text or name-guessed) lists this exhibitor's country as ""Singapore"".",Broadcast & Satcom,,Sponsorship,https://www.convergenceindia.org/exhibitors-and-participants-convergence-india.aspx
65,Apposite Technology,United States,FOREIGN,"Country field in the official convergenceindia.org 'List of Participants' directory (structured per-exhibitor filter data — a 'Country' facet built into the site's own exhibitor search/filter UI, not free text or name-guessed) lists this exhibitor's country as ""United States"".",IT & Communications,Hall 2,B2-45,https://www.convergenceindia.org/exhibitors-and-participants-convergence-india.aspx
69,ARBOR Technology Corporation,Taiwan,FOREIGN,"Country field in the official convergenceindia.org 'List of Participants' directory (structured per-exhibitor filter data — a 'Country' facet built into the site's own exhibitor search/filter UI, not free text or name-guessed) lists this exhibitor's country as ""Taiwan"".",IT & Communications,Hall 5,A5-150,https://www.convergenceindia.org/exhibitors-and-participants-convergence-india.aspx
73,ARGUS-M,Russia,FOREIGN,"Country field in the official convergenceindia.org 'List of Participants' directory (structured per-exhibitor filter data — a 'Country' facet built into the site's own exhibitor search/filter UI, not free text or name-guessed) lists this exhibitor's country as ""Russia"".",IT & Communications,Hall 3,B3-50,https://www.convergenceindia.org/exhibitors-and-participants-convergence-india.aspx
76,ARVION,United Arab Emirates,FOREIGN,"Country field in the official convergenceindia.org 'List of Participants' directory (structured per-exhibitor filter data — a 'Country' facet built into the site's own exhibitor search/filter UI, not free text or name-guessed) lists this exhibitor's country as ""United Arab Emirates"".",FinTech,Hall 2,B2-27,https://www.convergenceindia.org/exhibitors-and-participants-convergence-india.aspx
82,ASUSTOR Inc.,Taiwan,FOREIGN,"Country field in the official convergenceindia.org 'List of Participants' directory (structured per-exhibitor filter data — a 'Country' facet built into the site's own exhibitor search/filter UI, not free text or name-guessed) lists this exhibitor's country as ""Taiwan"".",IT & Communications,Hall 5,A5-150,https://www.convergenceindia.org/exhibitors-and-participants-convergence-india.aspx
93,AV Access,China,FOREIGN,"Country field in the official convergenceindia.org 'List of Participants' directory (structured per-exhibitor filter data — a 'Country' facet built into the site's own exhibitor search/filter UI, not free text or name-guessed) lists this exhibitor's country as ""China"".",IT & Communications,Hall 3,A3-12,https://www.convergenceindia.org/exhibitors-and-participants-convergence-india.aspx
101,BaseALT,Russia,FOREIGN,"Country field in the official convergenceindia.org 'List of Participants' directory (structured per-exhibitor filter data — a 'Country' facet built into the site's own exhibitor search/filter UI, not free text or name-guessed) lists this exhibitor's country as ""Russia"".",IT & Communications,Hall 3,C3-75,https://www.convergenceindia.org/exhibitors-and-participants-convergence-india.aspx
121,Broadpeak,France,FOREIGN,"Country field in the official convergenceindia.org 'List of Participants' directory (structured per-exhibitor filter data — a 'Country' facet built into the site's own exhibitor search/filter UI, not free text or name-guessed) lists this exhibitor's country as ""France"".",Broadcast & Satcom,Hall 5,C5-154,https://www.convergenceindia.org/exhibitors-and-participants-convergence-india.aspx
150,"CHIMEI MOTOR ELECTRONICS CO., LTD.",Taiwan,FOREIGN,"Country field in the official convergenceindia.org 'List of Participants' directory (structured per-exhibitor filter data — a 'Country' facet built into the site's own exhibitor search/filter UI, not free text or name-guessed) lists this exhibitor's country as ""Taiwan"".",IT & Communications,Hall 5,A5-150,https://www.convergenceindia.org/exhibitors-and-participants-convergence-india.aspx
154,CleverTech,Russia,FOREIGN,"Country field in the official convergenceindia.org 'List of Participants' directory (structured per-exhibitor filter data — a 'Country' facet built into the site's own exhibitor search/filter UI, not free text or name-guessed) lists this exhibitor's country as ""Russia"".",IT & Communications,Hall 3,B3-50,https://www.convergenceindia.org/exhibitors-and-participants-convergence-india.aspx
169,Commpolar Inc,China,FOREIGN,"Country field in the official convergenceindia.org 'List of Participants' directory (structured per-exhibitor filter data — a 'Country' facet built into the site's own exhibitor search/filter UI, not free text or name-guessed) lists this exhibitor's country as ""China"".",Broadcast & Satcom,Hall 5,A5-30,https://www.convergenceindia.org/exhibitors-and-participants-convergence-india.aspx
194,CyberData Corporation,United States,FOREIGN,"Country field in the official convergenceindia.org 'List of Participants' directory (structured per-exhibitor filter data — a 'Country' facet built into the site's own exhibitor search/filter UI, not free text or name-guessed) lists this exhibitor's country as ""United States"".",IT & Communications,Hall 5,D5-84,https://www.convergenceindia.org/exhibitors-and-participants-convergence-india.aspx
197,"Dalian Youopto Technology Co.,Ltd",China,FOREIGN,"Country field in the official convergenceindia.org 'List of Participants' directory (structured per-exhibitor filter data — a 'Country' facet built into the site's own exhibitor search/filter UI, not free text or name-guessed) lists this exhibitor's country as ""China"".",IT & Communications,Hall 5,C5-232,https://www.convergenceindia.org/exhibitors-and-participants-convergence-india.aspx
200,Datavideo Technologies Co Ltd.,Taiwan,FOREIGN,"Country field in the official convergenceindia.org 'List of Participants' directory (structured per-exhibitor filter data — a 'Country' facet built into the site's own exhibitor search/filter UI, not free text or name-guessed) lists this exhibitor's country as ""Taiwan"".",IT & Communications,Hall 5,A5-150,https://www.convergenceindia.org/exhibitors-and-participants-convergence-india.aspx
225,Dimension Software,New Zealand,FOREIGN,"Country field in the official convergenceindia.org 'List of Participants' directory (structured per-exhibitor filter data — a 'Country' facet built into the site's own exhibitor search/filter UI, not free text or name-guessed) lists this exhibitor's country as ""New Zealand"".",IT & Communications,Hall 5,E5-50,https://www.convergenceindia.org/exhibitors-and-participants-convergence-india.aspx
228,DONGGUAN ERANODE ELECTRONICS LIMITED,China,FOREIGN,"Country field in the official convergenceindia.org 'List of Participants' directory (structured per-exhibitor filter data — a 'Country' facet built into the site's own exhibitor search/filter UI, not free text or name-guessed) lists this exhibitor's country as ""CHINA"".",IT & Communications,Hall 2,D2-34,https://www.convergenceindia.org/exhibitors-and-participants-convergence-india.aspx
229,"Dongguan Shangyuan Electronics Co.,Ltd",China,FOREIGN,"Country field in the official convergenceindia.org 'List of Participants' directory (structured per-exhibitor filter data — a 'Country' facet built into the site's own exhibitor search/filter UI, not free text or name-guessed) lists this exhibitor's country as ""China"".",Mobile Devices & Accessories,Hall 2,D2-36,https://www.convergenceindia.org/exhibitors-and-participants-convergence-india.aspx
256,ELEMENT PJSC,Russia,FOREIGN,"Country field in the official convergenceindia.org 'List of Participants' directory (structured per-exhibitor filter data — a 'Country' facet built into the site's own exhibitor search/filter UI, not free text or name-guessed) lists this exhibitor's country as ""Russia"".",IT & Communications,Hall 3,C3-75,https://www.convergenceindia.org/exhibitors-and-participants-convergence-india.aspx
271,ENTRY USA,United States,FOREIGN,"Country field in the official convergenceindia.org 'List of Participants' directory (structured per-exhibitor filter data — a 'Country' facet built into the site's own exhibitor search/filter UI, not free text or name-guessed) lists this exhibitor's country as ""United States"".",IoT & Embedded Tech,Hall 4,G4-08,https://www.convergenceindia.org/exhibitors-and-participants-convergence-india.aspx
272,"Epygi Technologies, LLC",United States,FOREIGN,"Country field in the official convergenceindia.org 'List of Participants' directory (structured per-exhibitor filter data — a 'Country' facet built into the site's own exhibitor search/filter UI, not free text or name-guessed) lists this exhibitor's country as ""United States"".",IT & Communications,Hall 5,D5-84,https://www.convergenceindia.org/exhibitors-and-participants-convergence-india.aspx
282,ETHERNEXION NETWORKS PTE. LTD.,Singapore,FOREIGN,"Country field in the official convergenceindia.org 'List of Participants' directory (structured per-exhibitor filter data — a 'Country' facet built into the site's own exhibitor search/filter UI, not free text or name-guessed) lists this exhibitor's country as ""Singapore"".",IT & Communications,Hall 5,D5-52A,https://www.convergenceindia.org/exhibitors-and-participants-convergence-india.aspx
300,"FICER TECHNOLOGY CO., LTD.",Taiwan,FOREIGN,"Country field in the official convergenceindia.org 'List of Participants' directory (structured per-exhibitor filter data — a 'Country' facet built into the site's own exhibitor search/filter UI, not free text or name-guessed) lists this exhibitor's country as ""Taiwan"".",IT & Communications,Hall 5,B5-89,https://www.convergenceindia.org/exhibitors-and-participants-convergence-india.aspx
304,Financial University under the Government of the Russian Federation,Russia,FOREIGN,"Country field in the official convergenceindia.org 'List of Participants' directory (structured per-exhibitor filter data — a 'Country' facet built into the site's own exhibitor search/filter UI, not free text or name-guessed) lists this exhibitor's country as ""Russia"".",IT & Communications,Hall 3,C3-75,https://www.convergenceindia.org/exhibitors-and-participants-convergence-india.aspx
314,Forward Edge-AI,United States,FOREIGN,"Country field in the official convergenceindia.org 'List of Participants' directory (structured per-exhibitor filter data — a 'Country' facet built into the site's own exhibitor search/filter UI, not free text or name-guessed) lists this exhibitor's country as ""United States"".",Artificial Intelligence,Hall 3,C3-70,https://www.convergenceindia.org/exhibitors-and-participants-convergence-india.aspx
315,"Foshan Sanfeng Cellphone Accessories Co.,Ltd",China,FOREIGN,"Country field in the official convergenceindia.org 'List of Participants' directory (structured per-exhibitor filter data — a 'Country' facet built into the site's own exhibitor search/filter UI, not free text or name-guessed) lists this exhibitor's country as ""China"".",Mobile Devices & Accessories,Hall 1,D1-18,https://www.convergenceindia.org/exhibitors-and-participants-convergence-india.aspx
317,Frameo A/S,Denmark,FOREIGN,"Country field in the official convergenceindia.org 'List of Participants' directory (structured per-exhibitor filter data — a 'Country' facet built into the site's own exhibitor search/filter UI, not free text or name-guessed) lists this exhibitor's country as ""Denmark"".",Mobile Devices & Accessories,Hall 2,C2-07,https://www.convergenceindia.org/exhibitors-and-participants-convergence-india.aspx
319,FSSi Technologies,Bahrain,FOREIGN,"Country field in the official convergenceindia.org 'List of Participants' directory (structured per-exhibitor filter data — a 'Country' facet built into the site's own exhibitor search/filter UI, not free text or name-guessed) lists this exhibitor's country as ""Bahrain"".",Startup,Hall 1,P34,https://www.convergenceindia.org/exhibitors-and-participants-convergence-india.aspx
320,"Fujian BelFone Communications Technology Co., Ltd",China,FOREIGN,"Country field in the official convergenceindia.org 'List of Participants' directory (structured per-exhibitor filter data — a 'Country' facet built into the site's own exhibitor search/filter UI, not free text or name-guessed) lists this exhibitor's country as ""China"".",IT & Communications,Hall 5,B5-56,https://www.convergenceindia.org/exhibitors-and-participants-convergence-india.aspx
321,"FUJIAN GUI COMM-TECH CO., LTD.",China,FOREIGN,"Country field in the official convergenceindia.org 'List of Participants' directory (structured per-exhibitor filter data — a 'Country' facet built into the site's own exhibitor search/filter UI, not free text or name-guessed) lists this exhibitor's country as ""China"".",IT & Communications,Hall 5,B5-120,https://www.convergenceindia.org/exhibitors-and-participants-convergence-india.aspx
330,Gallagher,New Zealand,FOREIGN,"Country field in the official convergenceindia.org 'List of Participants' directory (structured per-exhibitor filter data — a 'Country' facet built into the site's own exhibitor search/filter UI, not free text or name-guessed) lists this exhibitor's country as ""New Zealand"".",IT & Communications,Hall 5,E5-50,https://www.convergenceindia.org/exhibitors-and-participants-convergence-india.aspx
331,Gallagher Security,New Zealand,FOREIGN,"Country field in the official convergenceindia.org 'List of Participants' directory (structured per-exhibitor filter data — a 'Country' facet built into the site's own exhibitor search/filter UI, not free text or name-guessed) lists this exhibitor's country as ""New Zealand"".",IT & Communications,Hall 5,E5-50,https://www.convergenceindia.org/exhibitors-and-participants-convergence-india.aspx
336,GEOSCAN,Russia,FOREIGN,"Country field in the official convergenceindia.org 'List of Participants' directory (structured per-exhibitor filter data — a 'Country' facet built into the site's own exhibitor search/filter UI, not free text or name-guessed) lists this exhibitor's country as ""Russia"".",IT & Communications,Hall 3,B3-50,https://www.convergenceindia.org/exhibitors-and-participants-convergence-india.aspx
342,GlexScale,France,FOREIGN,"Country field in the official convergenceindia.org 'List of Participants' directory (structured per-exhibitor filter data — a 'Country' facet built into the site's own exhibitor search/filter UI, not free text or name-guessed) lists this exhibitor's country as ""France"".",Internet of Things,Hall 3,A3-34,https://www.convergenceindia.org/exhibitors-and-participants-convergence-india.aspx
352,Graid Technology Inc.,Taiwan,FOREIGN,"Country field in the official convergenceindia.org 'List of Participants' directory (structured per-exhibitor filter data — a 'Country' facet built into the site's own exhibitor search/filter UI, not free text or name-guessed) lists this exhibitor's country as ""Taiwan"".",IT & Communications,Hall 3,A3-29,https://www.convergenceindia.org/exhibitors-and-participants-convergence-india.aspx
355,Grandstream Network Inc.,United States,FOREIGN,"Country field in the official convergenceindia.org 'List of Participants' directory (structured per-exhibitor filter data — a 'Country' facet built into the site's own exhibitor search/filter UI, not free text or name-guessed) lists this exhibitor's country as ""United States"".",Smart Mobility,Hall 5,D5-84,https://www.convergenceindia.org/exhibitors-and-participants-convergence-india.aspx
363,"Guangdong Huajiayu Technology Co., Limited",China,FOREIGN,"Country field in the official convergenceindia.org 'List of Participants' directory (structured per-exhibitor filter data — a 'Country' facet built into the site's own exhibitor search/filter UI, not free text or name-guessed) lists this exhibitor's country as ""China"".",IT & Communications,Hall 5,B5-121,https://www.convergenceindia.org/exhibitors-and-participants-convergence-india.aspx
364,Guardian Telecom,Canada,FOREIGN,"Country field in the official convergenceindia.org 'List of Participants' directory (structured per-exhibitor filter data — a 'Country' facet built into the site's own exhibitor search/filter UI, not free text or name-guessed) lists this exhibitor's country as ""Canada"".",IT & Communications,Hall 5,D5-84,https://www.convergenceindia.org/exhibitors-and-participants-convergence-india.aspx
371,"Hefei Maniron Electronic and Technology  Co.,Ltd",China,FOREIGN,"Country field in the official convergenceindia.org 'List of Participants' directory (structured per-exhibitor filter data — a 'Country' facet built into the site's own exhibitor search/filter UI, not free text or name-guessed) lists this exhibitor's country as ""China"".",IT & Communications,Hall 5,B5-53,https://www.convergenceindia.org/exhibitors-and-participants-convergence-india.aspx
373,"Henan Huachuang Communication Equipment Co.,Ltd.",China,FOREIGN,"Country field in the official convergenceindia.org 'List of Participants' directory (structured per-exhibitor filter data — a 'Country' facet built into the site's own exhibitor search/filter UI, not free text or name-guessed) lists this exhibitor's country as ""China"".",IT & Communications,Hall 5,B5-125,https://www.convergenceindia.org/exhibitors-and-participants-convergence-india.aspx
382,HIOPTEL TECHNOLOGY (MALAYSIA) SDN. BHD.,Malaysia,FOREIGN,"Country field in the official convergenceindia.org 'List of Participants' directory (structured per-exhibitor filter data — a 'Country' facet built into the site's own exhibitor search/filter UI, not free text or name-guessed) lists this exhibitor's country as ""Malaysia"".",IT & Communications,Hall 5,B5-54,https://www.convergenceindia.org/exhibitors-and-participants-convergence-india.aspx
387,"Hollyland Technology Co., Limited",Hong Kong,FOREIGN,"Country field in the official convergenceindia.org 'List of Participants' directory (structured per-exhibitor filter data — a 'Country' facet built into the site's own exhibitor search/filter UI, not free text or name-guessed) lists this exhibitor's country as ""Hong Kong"".",IT & Communications,Hall 5,B5-78,https://www.convergenceindia.org/exhibitors-and-participants-convergence-india.aspx
390,Honor,Hong Kong,FOREIGN,"Country field in the official convergenceindia.org 'List of Participants' directory (structured per-exhibitor filter data — a 'Country' facet built into the site's own exhibitor search/filter UI, not free text or name-guessed) lists this exhibitor's country as ""Hong Kong"".",IT & Communications,Hall 5,E5-85,https://www.convergenceindia.org/exhibitors-and-participants-convergence-india.aspx
392,HOTO,China,FOREIGN,"Country field in the official convergenceindia.org 'List of Participants' directory (structured per-exhibitor filter data — a 'Country' facet built into the site's own exhibitor search/filter UI, not free text or name-guessed) lists this exhibitor's country as ""China"".",IT & Communications,Hall 3,A3-12,https://www.convergenceindia.org/exhibitors-and-participants-convergence-india.aspx
393,"HuNan Fullriver Information Technology CO., LTD",China,FOREIGN,"Country field in the official convergenceindia.org 'List of Participants' directory (structured per-exhibitor filter data — a 'Country' facet built into the site's own exhibitor search/filter UI, not free text or name-guessed) lists this exhibitor's country as ""China"".",IT & Communications,Hall 5,B5-131,https://www.convergenceindia.org/exhibitors-and-participants-convergence-india.aspx
394,Hunan Yideng New Energy,China,FOREIGN,"Country field in the official convergenceindia.org 'List of Participants' directory (structured per-exhibitor filter data — a 'Country' facet built into the site's own exhibitor search/filter UI, not free text or name-guessed) lists this exhibitor's country as ""China"".",IoT & Embedded Tech,Hall 5,D5-86,https://www.convergenceindia.org/exhibitors-and-participants-convergence-india.aspx
395,Hunan Yideng New Energy Co. Ltd,China,FOREIGN,"Country field in the official convergenceindia.org 'List of Participants' directory (structured per-exhibitor filter data — a 'Country' facet built into the site's own exhibitor search/filter UI, not free text or name-guessed) lists this exhibitor's country as ""China"".",IoT & Embedded Tech,Hall 5,D5-86,https://www.convergenceindia.org/exhibitors-and-participants-convergence-india.aspx
397,HW Group,Czech Republic,FOREIGN,"Country field in the official convergenceindia.org 'List of Participants' directory (structured per-exhibitor filter data — a 'Country' facet built into the site's own exhibitor search/filter UI, not free text or name-guessed) lists this exhibitor's country as ""Czech Republic"".",Internet of Things,Hall 3,C3-66,https://www.convergenceindia.org/exhibitors-and-participants-convergence-india.aspx
401,IBASE Technology Inc.,Taiwan,FOREIGN,"Country field in the official convergenceindia.org 'List of Participants' directory (structured per-exhibitor filter data — a 'Country' facet built into the site's own exhibitor search/filter UI, not free text or name-guessed) lists this exhibitor's country as ""Taiwan"".",IT & Communications,Hall 5,A5-150,https://www.convergenceindia.org/exhibitors-and-participants-convergence-india.aspx
403,IBIK,Russia,FOREIGN,"Country field in the official convergenceindia.org 'List of Participants' directory (structured per-exhibitor filter data — a 'Country' facet built into the site's own exhibitor search/filter UI, not free text or name-guessed) lists this exhibitor's country as ""Russia"".",IT & Communications,Hall 3,B3-50,https://www.convergenceindia.org/exhibitors-and-participants-convergence-india.aspx
441,Innodisk Corporation,Taiwan,FOREIGN,"Country field in the official convergenceindia.org 'List of Participants' directory (structured per-exhibitor filter data — a 'Country' facet built into the site's own exhibitor search/filter UI, not free text or name-guessed) lists this exhibitor's country as ""Taiwan"".",IT & Communications,Hall 5,A5-150,https://www.convergenceindia.org/exhibitors-and-participants-convergence-india.aspx
454,iSmarch Manufacture,China,FOREIGN,"Country field in the official convergenceindia.org 'List of Participants' directory (structured per-exhibitor filter data — a 'Country' facet built into the site's own exhibitor search/filter UI, not free text or name-guessed) lists this exhibitor's country as ""China"".",Internet of Things,Hall 3,A3-30,https://www.convergenceindia.org/exhibitors-and-participants-convergence-india.aspx
457,Itenest,China,FOREIGN,"Country field in the official convergenceindia.org 'List of Participants' directory (structured per-exhibitor filter data — a 'Country' facet built into the site's own exhibitor search/filter UI, not free text or name-guessed) lists this exhibitor's country as ""China"".",Broadcast & Satcom,Hall 5,A5-30,https://www.convergenceindia.org/exhibitors-and-participants-convergence-india.aspx
482,Kepler Software Inc,United States,FOREIGN,"Country field in the official convergenceindia.org 'List of Participants' directory (structured per-exhibitor filter data — a 'Country' facet built into the site's own exhibitor search/filter UI, not free text or name-guessed) lists this exhibitor's country as ""United States"".",Artificial Intelligence,,Sponsorship,https://www.convergenceindia.org/exhibitors-and-participants-convergence-india.aspx
495,"Laboratory Of Intelligent Robotic Technologies, Moscow Institute of Physics and Technology (MIPT)",Russia,FOREIGN,"Country field in the official convergenceindia.org 'List of Participants' directory (structured per-exhibitor filter data — a 'Country' facet built into the site's own exhibitor search/filter UI, not free text or name-guessed) lists this exhibitor's country as ""Russia"".",Artificial Intelligence,Hall 3,C3-75,https://www.convergenceindia.org/exhibitors-and-participants-convergence-india.aspx
497,Lanner Electronics Inc.,Taiwan,FOREIGN,"Country field in the official convergenceindia.org 'List of Participants' directory (structured per-exhibitor filter data — a 'Country' facet built into the site's own exhibitor search/filter UI, not free text or name-guessed) lists this exhibitor's country as ""Taiwan"".",IT & Communications,Hall 5,A5-150,https://www.convergenceindia.org/exhibitors-and-participants-convergence-india.aspx
500,"LEADER LAO CO.,LTD (LAO PDR)",Laos,FOREIGN,"Country field in the official convergenceindia.org 'List of Participants' directory (structured per-exhibitor filter data — a 'Country' facet built into the site's own exhibitor search/filter UI, not free text or name-guessed) lists this exhibitor's country as ""Laos"".",Mobile Devices & Accessories,Hall 3,C3-39,https://www.convergenceindia.org/exhibitors-and-participants-convergence-india.aspx
512,"Loudoun County, Virginia, USA",United States,FOREIGN,"Country field in the official convergenceindia.org 'List of Participants' directory (structured per-exhibitor filter data — a 'Country' facet built into the site's own exhibitor search/filter UI, not free text or name-guessed) lists this exhibitor's country as ""United States"".",IoT & Embedded Tech,Hall 4,D4-06,https://www.convergenceindia.org/exhibitors-and-participants-convergence-india.aspx
515,Lumin,New Zealand,FOREIGN,"Country field in the official convergenceindia.org 'List of Participants' directory (structured per-exhibitor filter data — a 'Country' facet built into the site's own exhibitor search/filter UI, not free text or name-guessed) lists this exhibitor's country as ""New Zealand"".",IT & Communications,Hall 5,E5-50,https://www.convergenceindia.org/exhibitors-and-participants-convergence-india.aspx
527,MATRIX Robotics System,Taiwan,FOREIGN,"Country field in the official convergenceindia.org 'List of Participants' directory (structured per-exhibitor filter data — a 'Country' facet built into the site's own exhibitor search/filter UI, not free text or name-guessed) lists this exhibitor's country as ""Taiwan"".",Internet of Things,Hall 1,P15,https://www.convergenceindia.org/exhibitors-and-participants-convergence-india.aspx
545,MIKROTIK,Latvia,FOREIGN,"Country field in the official convergenceindia.org 'List of Participants' directory (structured per-exhibitor filter data — a 'Country' facet built into the site's own exhibitor search/filter UI, not free text or name-guessed) lists this exhibitor's country as ""Latvia"".",IT & Communications,Hall 5,C5-115,https://www.convergenceindia.org/exhibitors-and-participants-convergence-india.aspx
549,"Minno Cooling Technology (Hainan) Co., Ltd.",China,FOREIGN,"Country field in the official convergenceindia.org 'List of Participants' directory (structured per-exhibitor filter data — a 'Country' facet built into the site's own exhibitor search/filter UI, not free text or name-guessed) lists this exhibitor's country as ""China"".",IT & Communications,Hall 5,B5-132,https://www.convergenceindia.org/exhibitors-and-participants-convergence-india.aspx
554,MiTAC Computing Technology Corporation,Taiwan,FOREIGN,"Country field in the official convergenceindia.org 'List of Participants' directory (structured per-exhibitor filter data — a 'Country' facet built into the site's own exhibitor search/filter UI, not free text or name-guessed) lists this exhibitor's country as ""Taiwan"".",Artificial Intelligence,Hall 3,B3-28,https://www.convergenceindia.org/exhibitors-and-participants-convergence-india.aspx
557,MOBOTIX,Germany,FOREIGN,"Country field in the official convergenceindia.org 'List of Participants' directory (structured per-exhibitor filter data — a 'Country' facet built into the site's own exhibitor search/filter UI, not free text or name-guessed) lists this exhibitor's country as ""Germany"".",IT & Communications,Hall 5,B5-135,https://www.convergenceindia.org/exhibitors-and-participants-convergence-india.aspx
560,"Montage LZ Technologies (Chengdu) Co., Ltd.",China,FOREIGN,"Country field in the official convergenceindia.org 'List of Participants' directory (structured per-exhibitor filter data — a 'Country' facet built into the site's own exhibitor search/filter UI, not free text or name-guessed) lists this exhibitor's country as ""China"".",IT & Communications,Hall 5,C5-230,https://www.convergenceindia.org/exhibitors-and-participants-convergence-india.aspx
561,Moscow Center Of International Cooperation The Govt. of Moscow,Russia,FOREIGN,"Country field in the official convergenceindia.org 'List of Participants' directory (structured per-exhibitor filter data — a 'Country' facet built into the site's own exhibitor search/filter UI, not free text or name-guessed) lists this exhibitor's country as ""Russia"".",Country Pavilion,Hall 3,C3-75,https://www.convergenceindia.org/exhibitors-and-participants-convergence-india.aspx
574,"Nanjing Hanlong Technology Co., Ltd.(Htek)",China,FOREIGN,"Country field in the official convergenceindia.org 'List of Participants' directory (structured per-exhibitor filter data — a 'Country' facet built into the site's own exhibitor search/filter UI, not free text or name-guessed) lists this exhibitor's country as ""China"".",IT & Communications,Hall 5,A5-73,https://www.convergenceindia.org/exhibitors-and-participants-convergence-india.aspx
593,Netvox,China,FOREIGN,"Country field in the official convergenceindia.org 'List of Participants' directory (structured per-exhibitor filter data — a 'Country' facet built into the site's own exhibitor search/filter UI, not free text or name-guessed) lists this exhibitor's country as ""China"".",Internet of Things,Hall 3,A3-30,https://www.convergenceindia.org/exhibitors-and-participants-convergence-india.aspx
594,Netwrix Corporation,Philippines,FOREIGN,"Country field in the official convergenceindia.org 'List of Participants' directory (structured per-exhibitor filter data — a 'Country' facet built into the site's own exhibitor search/filter UI, not free text or name-guessed) lists this exhibitor's country as ""Philippines"".",FinTech,Hall 2,A2-10,https://www.convergenceindia.org/exhibitors-and-participants-convergence-india.aspx
597,New Zealand Trade & Enterprise,New Zealand,FOREIGN,"Country field in the official convergenceindia.org 'List of Participants' directory (structured per-exhibitor filter data — a 'Country' facet built into the site's own exhibitor search/filter UI, not free text or name-guessed) lists this exhibitor's country as ""New Zealand"".",Country Pavilion,Hall 5,E5-50,https://www.convergenceindia.org/exhibitors-and-participants-convergence-india.aspx
604,"Ningbo Myray Network Equipment Co., Ltd.",China,FOREIGN,"Country field in the official convergenceindia.org 'List of Participants' directory (structured per-exhibitor filter data — a 'Country' facet built into the site's own exhibitor search/filter UI, not free text or name-guessed) lists this exhibitor's country as ""China"".",IT & Communications,Hall 5,B5-123,https://www.convergenceindia.org/exhibitors-and-participants-convergence-india.aspx
610,NtechLab,Russia,FOREIGN,"Country field in the official convergenceindia.org 'List of Participants' directory (structured per-exhibitor filter data — a 'Country' facet built into the site's own exhibitor search/filter UI, not free text or name-guessed) lists this exhibitor's country as ""Russia"".",IT & Communications,Hall 3,B3-50,https://www.convergenceindia.org/exhibitors-and-participants-convergence-india.aspx
613,NumoData,United States,FOREIGN,"Country field in the official convergenceindia.org 'List of Participants' directory (structured per-exhibitor filter data — a 'Country' facet built into the site's own exhibitor search/filter UI, not free text or name-guessed) lists this exhibitor's country as ""United States"".",IT & Communications,Hall 2,B2-45,https://www.convergenceindia.org/exhibitors-and-participants-convergence-india.aspx
629,Orient Systems,Russia,FOREIGN,"Country field in the official convergenceindia.org 'List of Participants' directory (structured per-exhibitor filter data — a 'Country' facet built into the site's own exhibitor search/filter UI, not free text or name-guessed) lists this exhibitor's country as ""Russia"".",IT & Communications,Hall 3,B3-50,https://www.convergenceindia.org/exhibitors-and-participants-convergence-india.aspx
632,Oriona Global,United Arab Emirates,FOREIGN,"Country field in the official convergenceindia.org 'List of Participants' directory (structured per-exhibitor filter data — a 'Country' facet built into the site's own exhibitor search/filter UI, not free text or name-guessed) lists this exhibitor's country as ""United Arab Emirates"".",Internet of Things,Hall 3,A3-30,https://www.convergenceindia.org/exhibitors-and-participants-convergence-india.aspx
635,Oxygen Technologies Group Ltd.,Russia,FOREIGN,"Country field in the official convergenceindia.org 'List of Participants' directory (structured per-exhibitor filter data — a 'Country' facet built into the site's own exhibitor search/filter UI, not free text or name-guessed) lists this exhibitor's country as ""Russia"".",Artificial Intelligence,Hall 3,C3-75,https://www.convergenceindia.org/exhibitors-and-participants-convergence-india.aspx
647,Phison Electronics Corp,Taiwan,FOREIGN,"Country field in the official convergenceindia.org 'List of Participants' directory (structured per-exhibitor filter data — a 'Country' facet built into the site's own exhibitor search/filter UI, not free text or name-guessed) lists this exhibitor's country as ""Taiwan"".",IT & Communications,Hall 5,A5-150,https://www.convergenceindia.org/exhibitors-and-participants-convergence-india.aspx
652,Planar JSC,Ukraine,FOREIGN,"Country field in the official convergenceindia.org 'List of Participants' directory (structured per-exhibitor filter data — a 'Country' facet built into the site's own exhibitor search/filter UI, not free text or name-guessed) lists this exhibitor's country as ""Ukraine"".",IoT & Embedded Tech,Hall 5,E5-93,https://www.convergenceindia.org/exhibitors-and-participants-convergence-india.aspx
653,PLANET Technology Corporation,Taiwan,FOREIGN,"Country field in the official convergenceindia.org 'List of Participants' directory (structured per-exhibitor filter data — a 'Country' facet built into the site's own exhibitor search/filter UI, not free text or name-guessed) lists this exhibitor's country as ""Taiwan"".",IT & Communications,Hall 5,A5-150,https://www.convergenceindia.org/exhibitors-and-participants-convergence-india.aspx
655,Positive Technologies,Russia,FOREIGN,"Country field in the official convergenceindia.org 'List of Participants' directory (structured per-exhibitor filter data — a 'Country' facet built into the site's own exhibitor search/filter UI, not free text or name-guessed) lists this exhibitor's country as ""Russia"".",IT & Communications,Hall 3,B3-50,https://www.convergenceindia.org/exhibitors-and-participants-convergence-india.aspx
656,"Potron Technology Co.,Ltd.",China,FOREIGN,"Country field in the official convergenceindia.org 'List of Participants' directory (structured per-exhibitor filter data — a 'Country' facet built into the site's own exhibitor search/filter UI, not free text or name-guessed) lists this exhibitor's country as ""China"".",IT & Communications,Hall 5,B5-127,https://www.convergenceindia.org/exhibitors-and-participants-convergence-india.aspx
657,PowerShield,New Zealand,FOREIGN,"Country field in the official convergenceindia.org 'List of Participants' directory (structured per-exhibitor filter data — a 'Country' facet built into the site's own exhibitor search/filter UI, not free text or name-guessed) lists this exhibitor's country as ""New Zealand"".",IT & Communications,Hall 5,E5-50,https://www.convergenceindia.org/exhibitors-and-participants-convergence-india.aspx
668,"Production Firm ""LOGOS""",Russia,FOREIGN,"Country field in the official convergenceindia.org 'List of Participants' directory (structured per-exhibitor filter data — a 'Country' facet built into the site's own exhibitor search/filter UI, not free text or name-guessed) lists this exhibitor's country as ""Russia"".",IT & Communications,Hall 3,C3-75,https://www.convergenceindia.org/exhibitors-and-participants-convergence-india.aspx
686,Rakon,New Zealand,FOREIGN,"Country field in the official convergenceindia.org 'List of Participants' directory (structured per-exhibitor filter data — a 'Country' facet built into the site's own exhibitor search/filter UI, not free text or name-guessed) lists this exhibitor's country as ""New Zealand"".",IT & Communications,Hall 5,E5-50,https://www.convergenceindia.org/exhibitors-and-participants-convergence-india.aspx
694,Realtek Semiconductor Corp.,Taiwan,FOREIGN,"Country field in the official convergenceindia.org 'List of Participants' directory (structured per-exhibitor filter data — a 'Country' facet built into the site's own exhibitor search/filter UI, not free text or name-guessed) lists this exhibitor's country as ""Taiwan"".",IT & Communications,Hall 5,C5-275,https://www.convergenceindia.org/exhibitors-and-participants-convergence-india.aspx
712,ROBBO TECHNOLOGIES,Russia,FOREIGN,"Country field in the official convergenceindia.org 'List of Participants' directory (structured per-exhibitor filter data — a 'Country' facet built into the site's own exhibitor search/filter UI, not free text or name-guessed) lists this exhibitor's country as ""Russia"".",IT & Communications,Hall 3,B3-50,https://www.convergenceindia.org/exhibitors-and-participants-convergence-india.aspx
719,Rublevo-Arkhangelskoye JSC,Russia,FOREIGN,"Country field in the official convergenceindia.org 'List of Participants' directory (structured per-exhibitor filter data — a 'Country' facet built into the site's own exhibitor search/filter UI, not free text or name-guessed) lists this exhibitor's country as ""Russia"".",Smart Future Cities,Hall 3,C3-75,https://www.convergenceindia.org/exhibitors-and-participants-convergence-india.aspx
753,Serko,New Zealand,FOREIGN,"Country field in the official convergenceindia.org 'List of Participants' directory (structured per-exhibitor filter data — a 'Country' facet built into the site's own exhibitor search/filter UI, not free text or name-guessed) lists this exhibitor's country as ""New Zealand"".",IT & Communications,Hall 5,E5-50,https://www.convergenceindia.org/exhibitors-and-participants-convergence-india.aspx
757,"Shenzhen Bat Wireless Technology Co.,Ltd",China,FOREIGN,"Country field in the official convergenceindia.org 'List of Participants' directory (structured per-exhibitor filter data — a 'Country' facet built into the site's own exhibitor search/filter UI, not free text or name-guessed) lists this exhibitor's country as ""China"".",IT & Communications,Hall 5,B5-122,https://www.convergenceindia.org/exhibitors-and-participants-convergence-india.aspx
758,"Shenzhen CYX Industrial CO., LTD",China,FOREIGN,"Country field in the official convergenceindia.org 'List of Participants' directory (structured per-exhibitor filter data — a 'Country' facet built into the site's own exhibitor search/filter UI, not free text or name-guessed) lists this exhibitor's country as ""China"".",Mobile Devices & Accessories,Hall 2,C2-30,https://www.convergenceindia.org/exhibitors-and-participants-convergence-india.aspx
759,"Shenzhen ISEELINK Communication Co., Ltd",China,FOREIGN,"Country field in the official convergenceindia.org 'List of Participants' directory (structured per-exhibitor filter data — a 'Country' facet built into the site's own exhibitor search/filter UI, not free text or name-guessed) lists this exhibitor's country as ""CHINA"".",IT & Communications,Hall 5,B5-124,https://www.convergenceindia.org/exhibitors-and-participants-convergence-india.aspx
760,"Shenzhen MAITUO Technology Co., Ltd",China,FOREIGN,"Country field in the official convergenceindia.org 'List of Participants' directory (structured per-exhibitor filter data — a 'Country' facet built into the site's own exhibitor search/filter UI, not free text or name-guessed) lists this exhibitor's country as ""China"".",Embedded Tech,Hall 3,C3-10,https://www.convergenceindia.org/exhibitors-and-participants-convergence-india.aspx
761,"Shenzhen Skyworth Digital Technology Co., LTD.",China,FOREIGN,"Country field in the official convergenceindia.org 'List of Participants' directory (structured per-exhibitor filter data — a 'Country' facet built into the site's own exhibitor search/filter UI, not free text or name-guessed) lists this exhibitor's country as ""China"".",IT & Communications,Hall 5,C5-125,https://www.convergenceindia.org/exhibitors-and-participants-convergence-india.aspx
762,Shenzhen Transcom Technology Limited,China,FOREIGN,"Country field in the official convergenceindia.org 'List of Participants' directory (structured per-exhibitor filter data — a 'Country' facet built into the site's own exhibitor search/filter UI, not free text or name-guessed) lists this exhibitor's country as ""China"".",IT & Communications,Hall 5,B5-133,https://www.convergenceindia.org/exhibitors-and-participants-convergence-india.aspx
763,"Shenzhen Wayos Technology Co., Ltd",China,FOREIGN,"Country field in the official convergenceindia.org 'List of Participants' directory (structured per-exhibitor filter data — a 'Country' facet built into the site's own exhibitor search/filter UI, not free text or name-guessed) lists this exhibitor's country as ""China"".",IT & Communications,Hall 5,B5-52,https://www.convergenceindia.org/exhibitors-and-participants-convergence-india.aspx
773,Shupletsov Aleksei Ivanovich (IP),Russia,FOREIGN,"Country field in the official convergenceindia.org 'List of Participants' directory (structured per-exhibitor filter data — a 'Country' facet built into the site's own exhibitor search/filter UI, not free text or name-guessed) lists this exhibitor's country as ""Russia"".",Smart Mobility,Hall 3,B3–33,https://www.convergenceindia.org/exhibitors-and-participants-convergence-india.aspx
778,"SIGNAL FIRE TECHNOLOGY CO., LTD.",China,FOREIGN,"Country field in the official convergenceindia.org 'List of Participants' directory (structured per-exhibitor filter data — a 'Country' facet built into the site's own exhibitor search/filter UI, not free text or name-guessed) lists this exhibitor's country as ""China"".",IT & Communications,Hall 5,B5-59,https://www.convergenceindia.org/exhibitors-and-participants-convergence-india.aspx
791,Snom Technology GmbH,Germany,FOREIGN,"Country field in the official convergenceindia.org 'List of Participants' directory (structured per-exhibitor filter data — a 'Country' facet built into the site's own exhibitor search/filter UI, not free text or name-guessed) lists this exhibitor's country as ""Germany"".",IT & Communications,Hall 5,D5-84,https://www.convergenceindia.org/exhibitors-and-participants-convergence-india.aspx
797,Sokul,Russia,FOREIGN,"Country field in the official convergenceindia.org 'List of Participants' directory (structured per-exhibitor filter data — a 'Country' facet built into the site's own exhibitor search/filter UI, not free text or name-guessed) lists this exhibitor's country as ""Russia"".",Internet of Things,Hall 3,A3-51,https://www.convergenceindia.org/exhibitors-and-participants-convergence-india.aspx
800,Somireddy Law Group,United States,FOREIGN,"Country field in the official convergenceindia.org 'List of Participants' directory (structured per-exhibitor filter data — a 'Country' facet built into the site's own exhibitor search/filter UI, not free text or name-guessed) lists this exhibitor's country as ""United States"".",IoT & Embedded Tech,Hall 4,G4-06,https://www.convergenceindia.org/exhibitors-and-participants-convergence-india.aspx
809,Sputnik,Russia,FOREIGN,"Country field in the official convergenceindia.org 'List of Participants' directory (structured per-exhibitor filter data — a 'Country' facet built into the site's own exhibitor search/filter UI, not free text or name-guessed) lists this exhibitor's country as ""Russia"".",IT & Communications,Hall 3,B3-50,https://www.convergenceindia.org/exhibitors-and-participants-convergence-india.aspx
812,STAAH,New Zealand,FOREIGN,"Country field in the official convergenceindia.org 'List of Participants' directory (structured per-exhibitor filter data — a 'Country' facet built into the site's own exhibitor search/filter UI, not free text or name-guessed) lists this exhibitor's country as ""New Zealand"".",IT & Communications,Hall 5,E5-50,https://www.convergenceindia.org/exhibitors-and-participants-convergence-india.aspx
829,Tait,New Zealand,FOREIGN,"Country field in the official convergenceindia.org 'List of Participants' directory (structured per-exhibitor filter data — a 'Country' facet built into the site's own exhibitor search/filter UI, not free text or name-guessed) lists this exhibitor's country as ""New Zealand"".",IT & Communications,Hall 5,E5-50,https://www.convergenceindia.org/exhibitors-and-participants-convergence-india.aspx
830,Tait Communications,New Zealand,FOREIGN,"Country field in the official convergenceindia.org 'List of Participants' directory (structured per-exhibitor filter data — a 'Country' facet built into the site's own exhibitor search/filter UI, not free text or name-guessed) lists this exhibitor's country as ""New Zealand"".",IT & Communications,Hall 5,E5-50,https://www.convergenceindia.org/exhibitors-and-participants-convergence-india.aspx
831,Taiwan Excellence (TAITRA),Taiwan,FOREIGN,"Country field in the official convergenceindia.org 'List of Participants' directory (structured per-exhibitor filter data — a 'Country' facet built into the site's own exhibitor search/filter UI, not free text or name-guessed) lists this exhibitor's country as ""Taiwan"".",Country Pavilion,Hall 5,A5-150,https://www.convergenceindia.org/exhibitors-and-participants-convergence-india.aspx
834,Tango Vision LLC,Russia,FOREIGN,"Country field in the official convergenceindia.org 'List of Participants' directory (structured per-exhibitor filter data — a 'Country' facet built into the site's own exhibitor search/filter UI, not free text or name-guessed) lists this exhibitor's country as ""Russia"".",IT & Communications,Hall 3,B3-50,https://www.convergenceindia.org/exhibitors-and-participants-convergence-india.aspx
857,Tenda,China,FOREIGN,"Country field in the official convergenceindia.org 'List of Participants' directory (structured per-exhibitor filter data — a 'Country' facet built into the site's own exhibitor search/filter UI, not free text or name-guessed) lists this exhibitor's country as ""China"".",Internet of Things,Hall 5,C5-295,https://www.convergenceindia.org/exhibitors-and-participants-convergence-india.aspx
864,THALES DIS INDIA PVT LTD,France,FOREIGN,"Country field in the official convergenceindia.org 'List of Participants' directory (structured per-exhibitor filter data — a 'Country' facet built into the site's own exhibitor search/filter UI, not free text or name-guessed) lists this exhibitor's country as ""France"".",IoT & Embedded Tech,Hall 4,G4-29,https://www.convergenceindia.org/exhibitors-and-participants-convergence-india.aspx
877,Times-7,New Zealand,FOREIGN,"Country field in the official convergenceindia.org 'List of Participants' directory (structured per-exhibitor filter data — a 'Country' facet built into the site's own exhibitor search/filter UI, not free text or name-guessed) lists this exhibitor's country as ""New Zealand"".",IT & Communications,Hall 5,E5-50,https://www.convergenceindia.org/exhibitors-and-participants-convergence-india.aspx
880,Tonmind Technology Co Ltd,China,FOREIGN,"Country field in the official convergenceindia.org 'List of Participants' directory (structured per-exhibitor filter data — a 'Country' facet built into the site's own exhibitor search/filter UI, not free text or name-guessed) lists this exhibitor's country as ""China"".",IT & Communications,Hall 5,D5-84,https://www.convergenceindia.org/exhibitors-and-participants-convergence-india.aspx
882,Torchlight,United States,FOREIGN,"Country field in the official convergenceindia.org 'List of Participants' directory (structured per-exhibitor filter data — a 'Country' facet built into the site's own exhibitor search/filter UI, not free text or name-guessed) lists this exhibitor's country as ""United States"".",IoT & Embedded Tech,Hall 4,A4-01,https://www.convergenceindia.org/exhibitors-and-participants-convergence-india.aspx
885,Touch LCD Displays,China,FOREIGN,"Country field in the official convergenceindia.org 'List of Participants' directory (structured per-exhibitor filter data — a 'Country' facet built into the site's own exhibitor search/filter UI, not free text or name-guessed) lists this exhibitor's country as ""China"".",IoT & Embedded Tech,Hall 4,B4-08,https://www.convergenceindia.org/exhibitors-and-participants-convergence-india.aspx
898,Transcend Information. Inc.,Taiwan,FOREIGN,"Country field in the official convergenceindia.org 'List of Participants' directory (structured per-exhibitor filter data — a 'Country' facet built into the site's own exhibitor search/filter UI, not free text or name-guessed) lists this exhibitor's country as ""Taiwan"".",IT & Communications,Hall 5,A5-150,https://www.convergenceindia.org/exhibitors-and-participants-convergence-india.aspx
899,TransNational Computer / 1C Company,Russia,FOREIGN,"Country field in the official convergenceindia.org 'List of Participants' directory (structured per-exhibitor filter data — a 'Country' facet built into the site's own exhibitor search/filter UI, not free text or name-guessed) lists this exhibitor's country as ""Russia"".",IoT & Embedded Tech,Hall 4,G4-31,https://www.convergenceindia.org/exhibitors-and-participants-convergence-india.aspx
904,TrueConf,United States,FOREIGN,"Country field in the official convergenceindia.org 'List of Participants' directory (structured per-exhibitor filter data — a 'Country' facet built into the site's own exhibitor search/filter UI, not free text or name-guessed) lists this exhibitor's country as ""United States"".",IT & Communications,Hall 3,B3-50,https://www.convergenceindia.org/exhibitors-and-participants-convergence-india.aspx
914,"Ufi Space Co., Ltd.",Taiwan,FOREIGN,"Country field in the official convergenceindia.org 'List of Participants' directory (structured per-exhibitor filter data — a 'Country' facet built into the site's own exhibitor search/filter UI, not free text or name-guessed) lists this exhibitor's country as ""Taiwan"".",IT & Communications,Hall 5,A5-150,https://www.convergenceindia.org/exhibitors-and-participants-convergence-india.aspx
915,UGREEN,China,FOREIGN,"Country field in the official convergenceindia.org 'List of Participants' directory (structured per-exhibitor filter data — a 'Country' facet built into the site's own exhibitor search/filter UI, not free text or name-guessed) lists this exhibitor's country as ""China"".",Mobile Devices & Accessories,Hall 3,A3-12,https://www.convergenceindia.org/exhibitors-and-participants-convergence-india.aspx
918,UMEC Space,Russia,FOREIGN,"Country field in the official convergenceindia.org 'List of Participants' directory (structured per-exhibitor filter data — a 'Country' facet built into the site's own exhibitor search/filter UI, not free text or name-guessed) lists this exhibitor's country as ""Russia"".",IT & Communications,Hall 3,B3-50,https://www.convergenceindia.org/exhibitors-and-participants-convergence-india.aspx
921,United PCB,China,FOREIGN,"Country field in the official convergenceindia.org 'List of Participants' directory (structured per-exhibitor filter data — a 'Country' facet built into the site's own exhibitor search/filter UI, not free text or name-guessed) lists this exhibitor's country as ""China"".",IoT & Embedded Tech,Hall 4,D4-12,https://www.convergenceindia.org/exhibitors-and-participants-convergence-india.aspx
930,Urbox,United Arab Emirates,FOREIGN,"Country field in the official convergenceindia.org 'List of Participants' directory (structured per-exhibitor filter data — a 'Country' facet built into the site's own exhibitor search/filter UI, not free text or name-guessed) lists this exhibitor's country as ""United Arab Emirates"".",IoT & Embedded Tech,Hall 5,D5-103,https://www.convergenceindia.org/exhibitors-and-participants-convergence-india.aspx
932,USA Business Connect @ Indiasoft,United States,FOREIGN,"Country field in the official convergenceindia.org 'List of Participants' directory (structured per-exhibitor filter data — a 'Country' facet built into the site's own exhibitor search/filter UI, not free text or name-guessed) lists this exhibitor's country as ""United States"".",IoT & Embedded Tech,Hall 4,G4-38,https://www.convergenceindia.org/exhibitors-and-participants-convergence-india.aspx
934,UTECH Technologies (PVT) LTD.,Sri Lanka,FOREIGN,"Country field in the official convergenceindia.org 'List of Participants' directory (structured per-exhibitor filter data — a 'Country' facet built into the site's own exhibitor search/filter UI, not free text or name-guessed) lists this exhibitor's country as ""Sri Lanka"".",Internet of Things,Hall 3,C3-22,https://www.convergenceindia.org/exhibitors-and-participants-convergence-india.aspx
939,Valocity,New Zealand,FOREIGN,"Country field in the official convergenceindia.org 'List of Participants' directory (structured per-exhibitor filter data — a 'Country' facet built into the site's own exhibitor search/filter UI, not free text or name-guessed) lists this exhibitor's country as ""New Zealand"".",IT & Communications,Hall 5,E5-50,https://www.convergenceindia.org/exhibitors-and-participants-convergence-india.aspx
950,Vicrt Systems LLP.,United Arab Emirates,FOREIGN,"Country field in the official convergenceindia.org 'List of Participants' directory (structured per-exhibitor filter data — a 'Country' facet built into the site's own exhibitor search/filter UI, not free text or name-guessed) lists this exhibitor's country as ""United Arab Emirates"".",IT & Communications,Hall 2,B2-45,https://www.convergenceindia.org/exhibitors-and-participants-convergence-india.aspx
962,VisionLabs,United Arab Emirates,FOREIGN,"Country field in the official convergenceindia.org 'List of Participants' directory (structured per-exhibitor filter data — a 'Country' facet built into the site's own exhibitor search/filter UI, not free text or name-guessed) lists this exhibitor's country as ""United Arab Emirates"".",IT & Communications,Hall 3,B3-50,https://www.convergenceindia.org/exhibitors-and-participants-convergence-india.aspx
963,Visionplus PMS,United Kingdom,FOREIGN,"Country field in the official convergenceindia.org 'List of Participants' directory (structured per-exhibitor filter data — a 'Country' facet built into the site's own exhibitor search/filter UI, not free text or name-guessed) lists this exhibitor's country as ""United Kingdom"".",IT & Communications,Hall 3,B3-22,https://www.convergenceindia.org/exhibitors-and-participants-convergence-india.aspx
988,Wincomm Corporation,Taiwan,FOREIGN,"Country field in the official convergenceindia.org 'List of Participants' directory (structured per-exhibitor filter data — a 'Country' facet built into the site's own exhibitor search/filter UI, not free text or name-guessed) lists this exhibitor's country as ""Taiwan"".",IT & Communications,Hall 5,A5-150,https://www.convergenceindia.org/exhibitors-and-participants-convergence-india.aspx
999,"Xiamen CHEERZING IoT Technology Co., Ltd.",China,FOREIGN,"Country field in the official convergenceindia.org 'List of Participants' directory (structured per-exhibitor filter data — a 'Country' facet built into the site's own exhibitor search/filter UI, not free text or name-guessed) lists this exhibitor's country as ""China"".",Internet of Things,Hall 3,B3-25,https://www.convergenceindia.org/exhibitors-and-participants-convergence-india.aspx
1003,XXR COMMUNICATION,China,FOREIGN,"Country field in the official convergenceindia.org 'List of Participants' directory (structured per-exhibitor filter data — a 'Country' facet built into the site's own exhibitor search/filter UI, not free text or name-guessed) lists this exhibitor's country as ""China"".",IT & Communications,Hall 5,B5-130,https://www.convergenceindia.org/exhibitors-and-participants-convergence-india.aspx
1004,Yeastar Information Technology  Co. Ltd,China,FOREIGN,"Country field in the official convergenceindia.org 'List of Participants' directory (structured per-exhibitor filter data — a 'Country' facet built into the site's own exhibitor search/filter UI, not free text or name-guessed) lists this exhibitor's country as ""China"".",IT & Communications,Hall 5,D5-84,https://www.convergenceindia.org/exhibitors-and-participants-convergence-india.aspx
1013,"Zhejiang Grandway Telecommunication Technology Co., Limited",China,FOREIGN,"Country field in the official convergenceindia.org 'List of Participants' directory (structured per-exhibitor filter data — a 'Country' facet built into the site's own exhibitor search/filter UI, not free text or name-guessed) lists this exhibitor's country as ""China"".",IT & Communications,Hall 5,B5-55,https://www.convergenceindia.org/exhibitors-and-participants-convergence-india.aspx
1014,"Zhuhai Gotech Intelligent Technology Co., Ltd.",China,FOREIGN,"Country field in the official convergenceindia.org 'List of Participants' directory (structured per-exhibitor filter data — a 'Country' facet built into the site's own exhibitor search/filter UI, not free text or name-guessed) lists this exhibitor's country as ""China"".",IT & Communications,Hall 5,B5-126,https://www.convergenceindia.org/exhibitors-and-participants-convergence-india.aspx
1021,Zyxel Networks,Taiwan,FOREIGN,"Country field in the official convergenceindia.org 'List of Participants' directory (structured per-exhibitor filter data — a 'Country' facet built into the site's own exhibitor search/filter UI, not free text or name-guessed) lists this exhibitor's country as ""Taiwan"".",IT & Communications,Hall 5,A5-150,https://www.convergenceindia.org/exhibitors-and-participants-convergence-india.aspx
